Asset_Amount,Current_USD_Value,Percentage_of_Total_Wealth,Risk_Profile_Assessment,Estate_Planning_Complexity,Tax_Implications_for_Asset_Size,Security_Requirements_for_Asset_Size,Professional_Services_Needed,Recommended_Trust_Structure
"$100,000","$100,000",25%,Moderate,Basic,Minimal estate tax impact,Standard multi-signature setup,Estate attorney and tax advisor,Revocable living trust
"$500,000","$500,000",40%,Moderate-High,Intermediate,State estate tax considerations,Enhanced multi-signature with geographic distribution,"Estate attorney, tax advisor, financial planner",Irrevocable trust or dynasty trust
"$1,000,000","$1,000,000",50%,High,Advanced,Federal estate tax planning required,Professional custody integration,Full professional team including trust administrator,Dynasty trust with asset protection features
"$5,000,000","$5,000,000",60%,Very High,Sophisticated,Comprehensive tax optimization strategies,Institutional-grade security architecture,Family office services and specialized professionals,Multiple trust structures with international considerations
"$10,000,000","$10,000,000",70%,Ultra High,Ultra-Sophisticated,Advanced tax strategies including charitable planning,Multi-jurisdictional security with professional oversight,Dedicated family office and international specialists,Complex trust network with international asset protection
1 Bitcoin,"$95,000",20%,Moderate,Basic,Standard capital gains considerations,Hardware wallet with backup,Bitcoin-knowledgeable estate attorney,Simple revocable trust
5 Bitcoin,"$475,000",35%,Moderate-High,Intermediate,Estate tax planning considerations,Multi-signature with professional backup,Bitcoin estate planning specialist,Irrevocable trust with Bitcoin provisions
10 Bitcoin,"$950,000",45%,High,Advanced,Federal estate tax threshold considerations,Professional custody integration,KEEP Protocol certified team,Dynasty trust with Bitcoin specialization
50 Bitcoin,"$4,750,000",55%,Very High,Sophisticated,Advanced tax optimization required,Institutional custody with multi-jurisdictional backup,Specialized Bitcoin wealth management team,Multiple trust structures with international planning
100 Bitcoin,"$9,500,000",65%,Ultra High,Ultra-Sophisticated,Comprehensive tax and charitable strategies,Multi-layered institutional security,Dedicated Bitcoin family office,Complex international trust architecture
